[{"model": "products.category", "pk": 1, "fields": {"name": "后端开发", "parent": 1, "lft": 1, "rght": 6, "tree_id": 1, "level": 0}}, {"model": "products.category", "pk": 2, "fields": {"name": "Python", "parent": 1, "lft": 2, "rght": 3, "tree_id": 1, "level": 1}}, {"model": "products.category", "pk": 3, "fields": {"name": "PHP", "parent": 1, "lft": 4, "rght": 5, "tree_id": 1, "level": 1}}, {"model": "products.producttype", "pk": 1, "fields": {"name": "courses"}}, {"model": "products.attribute", "pk": 1, "fields": {"name": "python courses", "product_type": 1}}, {"model": "products.attributevalue", "pk": 3, "fields": {"attribute": 1, "value": "100"}}, {"model": "products.product", "pk": 1, "fields": {"category": 2, "product_type": 1, "name": "Python3 简明教程", "price": "300.00", "image": "products/Python3-tutorial.png", "description": "简明易懂的 Python3 课程，不仅适用于那些有其他语言基础的同学，对没有编程经验的同学也非常友好。本课程不仅讲解了 Python3 基础知识，还介绍了PEP8、Virtulaenv、测试、项目结构以及Flask相关内容", "attribute_values": [3]}}, {"model": "products.productvariant", "pk": 1, "fields": {"product": 1, "sku": "100", "name": "普通版", "price": "300.00", "images": "", "quantity": 0, "quantity_allocated": 0}}, {"model": "products.productvariant", "pk": 2, "fields": {"product": 1, "sku": "80", "name": "会员版", "price": "200.00", "images": "", "quantity": 0, "quantity_allocated": 0}}, {"model": "products.productvariant", "pk": 3, "fields": {"product": 1, "sku": "50", "name": "折扣版", "price": "100.00", "images": "", "quantity": 0, "quantity_allocated": 0}}]