[
{"model":"Categorys","pk":1,"fields":{"name":"后端开发","tags":[{"name":"C","html_url":"/courses/?category=后端开发&course_type=all&tag=C&fee=all"},{"name":"C++","html_url":"/courses/?category=后端开发&course_type=all&tag=C++&fee=all"},{"name":"Django","html_url":"/courses/?category=后端开发&course_type=all&tag=Django&fee=all"},{"name":"Flask","html_url":"/courses/?category=后端开发&course_type=all&tag=Flask&fee=all"},{"name":"Go","html_url":"/courses/?category=后端开发&course_type=all&tag=Go&fee=all"},{"name":"Java","html_url":"/courses/?category=后端开发&course_type=all&tag=Java&fee=all"},{"name":"Laravel","html_url":"/courses/?category=后端开发&course_type=all&tag=Laravel&fee=all"},{"name":"Node.js","html_url":"/courses/?category=后端开发&course_type=all&tag=Node.js&fee=all"},{"name":"OpenGL","html_url":"/courses/?category=后端开发&course_type=all&tag=OpenGL&fee=all"},{"name":"PHP","html_url":"/courses/?category=后端开发&course_type=all&tag=PHP&fee=all"},{"name":"Pygame","html_url":"/courses/?category=后端开发&course_type=all&tag=Pygame&fee=all"},{"name":"Python","html_url":"/courses/?category=后端开发&course_type=all&tag=Python&fee=all"},{"name":"Qt","html_url":"/courses/?category=后端开发&course_type=all&tag=Qt&fee=all"},{"name":"Ruby","html_url":"/courses/?category=后端开发&course_type=all&tag=Ruby&fee=all"},{"name":"Rust","html_url":"/courses/?category=后端开发&course_type=all&tag=Rust&fee=all"},{"name":"Spring","html_url":"/courses/?category=后端开发&course_type=all&tag=Spring&fee=all"},{"name":"SpringBoot","html_url":"/courses/?category=后端开发&course_type=all&tag=SpringBoot&fee=all"},{"name":"SSM","html_url":"/courses/?category=后端开发&course_type=all&tag=SSM&fee=all"},{"name":"ThinkPHP","html_url":"/courses/?category=后端开发&course_type=all&tag=ThinkPHP&fee=all"},{"name":"区块链","html_url":"/courses/?category=后端开发&course_type=all&tag=区块链&fee=all"},{"name":"爬虫","html_url":"/courses/?category=后端开发&course_type=all&tag=爬虫&fee=all"}],"recommend_courses":[{"id":1330,"name":"Python 新手入门课","picture_url":"https://dn-simplecloud.shiyanlou.com/courses/uid8504-20190712-1562930274699","description":"极度舒适的新手入门课程，面向完全没有编程基础的同学。你将在一下午入门 Linux、Python 基础和Github 常用命令，为未来的编程大楼打下稳固的基础。","students_count":61421,"fee_type":"limit_free","price":0,"real_price":0,"html_url":"/courses/1330","api_url":"https://www.shiyanlou.com/api/v2/courses/1330/","follow_url":"https://www.shiyanlou.com/api/v2/courses/1330/follow/","online_type":"online_public","label":null,"max_interest_free_period":0},{"id":1230,"name":"Java 简明教程","picture_url":"https://dn-simplecloud.shiyanlou.com/1547620906601.png","description":"本课程作为 Java 编程的入门内容，是每个 Java 初学者都必须掌握的基础知识。课程从常量与变量、运算符、流程控制、数组和方法等 Java 基础语法开始，层层递进，逐步带你认识了解如何通过 Java 实现面向对象的三大特征继承、封装，多态。同时，课程还会涉及 Java 中常用类、字符串、集合框架和异常处理的相关操作使用。","students_count":25898,"fee_type":"free","price":0,"real_price":0,"html_url":"/courses/1230","api_url":"https://www.shiyanlou.com/api/v2/courses/1230/","follow_url":"https://www.shiyanlou.com/api/v2/courses/1230/follow/","online_type":"online_public","label":null,"max_interest_free_period":0},{"id":1127,"name":"Django 基础入门","picture_url":"https://dn-simplecloud.shiyanlou.com/courses/uid214893-20200507-1588836640198","description":"本课程主要讲解了 Python 的 Django 框架的基础知识。通过学习本课程，可以熟悉 Django 框架的组成结构，并能在学习过程中了解 Django 的强大功能。","students_count":19373,"fee_type":"free","price":0,"real_price":0,"html_url":"/courses/1127","api_url":"https://www.shiyanlou.com/api/v2/courses/1127/","follow_url":"https://www.shiyanlou.com/api/v2/courses/1127/follow/","online_type":"online_public","label":null,"max_interest_free_period":0},{"id":552,"name":"Python 实现简单 Web 服务器","picture_url":"https://dn-simplecloud.shiyanlou.com/course/1528276208557_【552】-【Python3实现简单的Web服务器】.png","description":"本课程将通过使用 Python 语言实现一个 Web 服务器，探索 HTTP 协议和 Web 服务的基本原理。同时，课程学习 Python 如何实现 Web 服务请求、响应、错误处理及 CGI 协议，最后会使用 Python 面向对象思路进行重构。","students_count":23368,"fee_type":"free","price":0,"real_price":0,"html_url":"/courses/552","api_url":"https://www.shiyanlou.com/api/v2/courses/552/","follow_url":"https://www.shiyanlou.com/api/v2/courses/552/follow/","online_type":"online_public","label":null,"max_interest_free_period":0}]}},
{"model":"Categorys","pk":2,"fields":{"name":"Linux 运维","tags":[{"name":"Linux","html_url":"/courses/?category=Linux 运维&course_type=all&tag=Linux&fee=all"},{"name":"Git","html_url":"/courses/?category=Linux 运维&course_type=all&tag=Git&fee=all"},{"name":"Shell","html_url":"/courses/?category=Linux 运维&course_type=all&tag=Shell&fee=all"},{"name":"Nginx","html_url":"/courses/?category=Linux 运维&course_type=all&tag=Nginx&fee=all"},{"name":"Ansible","html_url":"/courses/?category=Linux 运维&course_type=all&tag=Ansible&fee=all"},{"name":"SDN","html_url":"/courses/?category=Linux 运维&course_type=all&tag=SDN&fee=all"},{"name":"CentOS","html_url":"/courses/?category=Linux 运维&course_type=all&tag=CentOS&fee=all"}],"recommend_courses":[{"id":1,"name":"Linux 基础入门","picture_url":"https://dn-simplecloud.shiyanlou.com/ncn1.jpg","description":"本课程教你如何熟练地使用 Linux，本实验中通过在线动手实验的方式学习 Linux 常用命令，用户与权限管理，目录结构与文件操作，环境变量，计划任务，管道与数据流重定向等基本知识点。","students_count":297905,"fee_type":"free","price":0,"real_price":0,"html_url":"/courses/1","api_url":"https://www.shiyanlou.com/api/v2/courses/1/","follow_url":"https://www.shiyanlou.com/api/v2/courses/1/follow/","online_type":"online_public","label":null,"max_interest_free_period":0},{"id":944,"name":"高级 Bash 脚本编程指南","picture_url":"https://dn-simplecloud.shiyanlou.com/1505093960707.png","description":"基于杨春敏与黄毅的ABS译文制作，一本深入学习 shell 脚本艺术的书籍。原版链接：http://www.tldp.org/LDP/abs/html/。","students_count":14393,"fee_type":"free","price":0,"real_price":0,"html_url":"/courses/944","api_url":"https://www.shiyanlou.com/api/v2/courses/944/","follow_url":"https://www.shiyanlou.com/api/v2/courses/944/follow/","online_type":"online_public","label":null,"max_interest_free_period":0},{"id":1035,"name":"Git 与 GitHub 入门实践","picture_url":"https://dn-simplecloud.shiyanlou.com/course/1550728729236_【1035】-【Git与GitHub入门实践】(1).png","description":"本课程为 Git 与 GitHub 的入门课程，本着实用的原则，针对零基础同学，以图文的形式详细介绍了 Git & GitHub 结合使用的基本操作。课程包括：在 GitHub 上创建仓库、克隆 GitHub 上的仓库到本地、添加修改到暂存区以及撤销修改、配置个人信息、版本回退、处理提交时间线分叉问题、使用本地提交变化记录、添加 SSH 关联授权等方方面面的知识点。","students_count":14180,"fee_type":"free","price":0,"real_price":0,"html_url":"/courses/1035","api_url":"https://www.shiyanlou.com/api/v2/courses/1035/","follow_url":"https://www.shiyanlou.com/api/v2/courses/1035/follow/","online_type":"online_public","label":null,"max_interest_free_period":0},{"id":1403,"name":"Linux 运维新手入门课","picture_url":"https://dn-simplecloud.shiyanlou.com/courses/uid8504-20191018-1571390319412","description":"Linux 运维的新手入门课程，面向完全没有 Linux 基础的同学。你将在一下午入门 Linux、Nginx 基础和 Zabbix 监控系统，为未来的 Linux 服务器运维工作打下基础。添加小助手微信【 sylmm004 】可领取《楼+ Linux 运维与 DevOps 实战》优惠券。","students_count":2648,"fee_type":"free","price":0,"real_price":0,"html_url":"/courses/1403","api_url":"https://www.shiyanlou.com/api/v2/courses/1403/","follow_url":"https://www.shiyanlou.com/api/v2/courses/1403/follow/","online_type":"online_public","label":null,"max_interest_free_period":0}]},

{"name":"云计算与大数据","tags":[{"name":"Hadoop","html_url":"/courses/?category=云计算与大数据&course_type=all&tag=Hadoop&fee=all"},{"name":"Spark","html_url":"/courses/?category=云计算与大数据&course_type=all&tag=Spark&fee=all"},{"name":"Scala","html_url":"/courses/?category=云计算与大数据&course_type=all&tag=Scala&fee=all"},{"name":"Docker","html_url":"/courses/?category=云计算与大数据&course_type=all&tag=Docker&fee=all"},{"name":"Kafka","html_url":"/courses/?category=云计算与大数据&course_type=all&tag=Kafka&fee=all"},{"name":"OpenStack","html_url":"/courses/?category=云计算与大数据&course_type=all&tag=OpenStack&fee=all"},{"name":"Kubernetes","html_url":"/courses/?category=云计算与大数据&course_type=all&tag=Kubernetes&fee=all"},{"name":"AWS","html_url":"/courses/?category=云计算与大数据&course_type=all&tag=AWS&fee=all"}],"recommend_courses":[{"id":1363,"name":"Kaggle 数据分析项目入门实战","picture_url":"https://dn-simplecloud.shiyanlou.com/courses/uid18510-20190719-1563515288159","description":"Kaggle 是一个致力于为数据科学家提供举办机器学习竞赛、托管数据库、编写和分享代码的网站，已经成为全世界数据工程师最喜欢的平台之一。本课程挑选了数个 Kaggle 上经典的项目进行讲解，并结合学到的知识完成实战训练。希望你能通过本次课程学习到数据分析实战知识，并踏入 Kaggle 竞赛的大门。","students_count":458,"fee_type":"bootcamp","price":12900,"real_price":12900,"html_url":"/courses/1363","api_url":"https://www.shiyanlou.com/api/v2/courses/1363/","follow_url":"https://www.shiyanlou.com/api/v2/courses/1363/follow/","online_type":"online_public","label":null,"max_interest_free_period":0},{"id":801,"name":"Hadoop Flume 收集数据实战","picture_url":"https://dn-simplecloud.shiyanlou.com/1517282844826.png","description":"Flume 可以从多个数据源获取数据，把这些数据传给远程主机（可能是一对多或流水线模型\r\n中的多个目标），再把它们传给多个目的端。尽管 Flume 提供了开发自定义数据源和数据目的端的编程 API，但它原本就支持许多常见的场景。本课程源自图灵教育的《Hadoop基础教程》第10章，感谢图灵教育授权实验楼发布。","students_count":2415,"fee_type":"free","price":0,"real_price":0,"html_url":"/courses/801","api_url":"https://www.shiyanlou.com/api/v2/courses/801/","follow_url":"https://www.shiyanlou.com/api/v2/courses/801/follow/","online_type":"online_public","label":null,"max_interest_free_period":0},{"id":736,"name":"大数据带你挖掘打车的秘籍","picture_url":"https://dn-simplecloud.shiyanlou.com/1517281696931.png","description":"出租车是我们生活中经常乘坐的一种交通工具，但打车难的问题也限制了我们更好地利用这种交通方式。在哪些地方出租车更容易打到？在什么时候更容易打到出租车？本课程将基于某市的出租车行驶轨迹数据，带你学习如何应用Spark SQL和机器学习相关技巧，并且通过数据可视化手段展现分析结果。","students_count":2803,"fee_type":"member","price":0,"real_price":0,"html_url":"/courses/736","api_url":"https://www.shiyanlou.com/api/v2/courses/736/","follow_url":"https://www.shiyanlou.com/api/v2/courses/736/follow/","online_type":"online_public","label":null,"max_interest_free_period":0},{"id":1457,"name":"Kubernetes 基础：入门与安装配置","picture_url":"https://dn-simplecloud.shiyanlou.com/courses/uid770606-20191118-1574063063157","description":"本课程为 Kubernetes 入门课程，将会从零开始带领大家一步一步深入学习 Kubernetes 相关知识。这是一系列的课程，在本课程中主要讲解的是 Kubernetes 基础入门以及安装配置。","students_count":244,"fee_type":"bootcamp","price":15900,"real_price":15900,"html_url":"/courses/1457","api_url":"https://www.shiyanlou.com/api/v2/courses/1457/","follow_url":"https://www.shiyanlou.com/api/v2/courses/1457/follow/","online_type":"online_public","label":"","max_interest_free_period":0}]}},
{"model":"Categorys","pk":3,"fields":{"name":"数据库","tags":[{"name":"SQL","html_url":"/courses/?category=数据库&course_type=all&tag=SQL&fee=all"},{"name":"NoSQL","html_url":"/courses/?category=数据库&course_type=all&tag=NoSQL&fee=all"},{"name":"MySQL","html_url":"/courses/?category=数据库&course_type=all&tag=MySQL&fee=all"},{"name":"MongoDB","html_url":"/courses/?category=数据库&course_type=all&tag=MongoDB&fee=all"},{"name":"Redis","html_url":"/courses/?category=数据库&course_type=all&tag=Redis&fee=all"},{"name":"Oracle","html_url":"/courses/?category=数据库&course_type=all&tag=Oracle&fee=all"}],"recommend_courses":[{"id":9,"name":"MySQL 基础课程","picture_url":"https://dn-simplecloud.shiyanlou.com/course/1542591694584_【9】-【MySQL基础课程】.png","description":"本课程实验内容从 SQL 概念开始，在 MySQL 数据库中学习并实践了 SQL 常用语法及约束、索引、视图、SELECT 查询、修改与删除等基本操作。","students_count":74189,"fee_type":"free","price":0,"real_price":0,"html_url":"/courses/9","api_url":"https://www.shiyanlou.com/api/v2/courses/9/","follow_url":"https://www.shiyanlou.com/api/v2/courses/9/follow/","online_type":"online_public","label":null,"max_interest_free_period":0},{"id":12,"name":"MongoDB 基础教程","picture_url":"https://dn-simplecloud.shiyanlou.com/ncn12.jpg","description":"目前 MongoDB 是 IT 行业非常流行的一种非关系型数据库(NoSQL),其灵活的数据存储方式备受当前 IT 从业人员的青睐。本课程是 MongoDB 基础教程，介绍了 MongoDB 基本的集合操作、高级查询以及索引与聚合。","students_count":15676,"fee_type":"free","price":0,"real_price":0,"html_url":"/courses/12","api_url":"https://www.shiyanlou.com/api/v2/courses/12/","follow_url":"https://www.shiyanlou.com/api/v2/courses/12/follow/","online_type":"online_public","label":null,"max_interest_free_period":0},{"id":614,"name":"Python3 实现键值数据库","picture_url":"https://dn-simplecloud.shiyanlou.com/course/1542593215523_【614】-【Python实现键值数据库】.png","description":"本课程将通过理解一个操作类似于 Redis，存储理念来自于 CouchDB 的键值数据库的源代码来学习如何做数据库的数据存储，体会使用不可变数据结构的优点。","students_count":7034,"fee_type":"free","price":0,"real_price":0,"html_url":"/courses/614","api_url":"https://www.shiyanlou.com/api/v2/courses/614/","follow_url":"https://www.shiyanlou.com/api/v2/courses/614/follow/","online_type":"online_public","label":null,"max_interest_free_period":0},{"id":1171,"name":"Spark SQL 入门到上手实战","picture_url":"https://dn-simplecloud.shiyanlou.com/course/1539571935166_1171-Spark-SQL-入门到上手实战.jpg","description":"主要从 Spark SQL 的入门开始讲解，最后通过实战案例来巩固之前所学的知识，让学员达到深入浅出，融会贯通的教学目标。对于 Hive 相关知识我们会从入门开始学习。SpringBoot 框架也会手把手教大家搭建。在最后，会讲解 NLP 的基础知识，并且使用实战案例对影评信息进行情感分析。","students_count":820,"fee_type":"bootcamp","price":5900,"real_price":5900,"html_url":"/courses/1171","api_url":"https://www.shiyanlou.com/api/v2/courses/1171/","follow_url":"https://www.shiyanlou.com/api/v2/courses/1171/follow/","online_type":"online_public","label":null,"max_interest_free_period":0}]}},
{"model":"Categorys","pk":4,"fields":{"name":"信息安全","tags":[{"name":"网络安全","html_url":"/courses/?category=信息安全&course_type=all&tag=网络安全&fee=all"},{"name":"安全开发","html_url":"/courses/?category=信息安全&course_type=all&tag=安全开发&fee=all"},{"name":"Web安全","html_url":"/courses/?category=信息安全&course_type=all&tag=Web安全&fee=all"},{"name":"渗透测试","html_url":"/courses/?category=信息安全&course_type=all&tag=渗透测试&fee=all"},{"name":"系统安全","html_url":"/courses/?category=信息安全&course_type=all&tag=系统安全&fee=all"},{"name":"密码学","html_url":"/courses/?category=信息安全&course_type=all&tag=密码学&fee=all"}],"recommend_courses":[{"id":241,"name":"密钥加解密实验","picture_url":"https://dn-simplecloud.shiyanlou.com/1525930737615.png","description":"本课程的学习目的是让学生熟悉加密的基本概念，熟悉和了解加密算法、加密模式、 填充、以及初始向量的定义与作用。","students_count":6871,"fee_type":"free","price":0,"real_price":0,"html_url":"/courses/241","api_url":"https://www.shiyanlou.com/api/v2/courses/241/","follow_url":"https://www.shiyanlou.com/api/v2/courses/241/follow/","online_type":"online_public","label":null,"max_interest_free_period":0},{"id":876,"name":"SQL 注入基础原理介绍","picture_url":"https://dn-simplecloud.shiyanlou.com/1528794344226.png","description":"Sql注入攻击是通过将恶意的Sql查询或添加语句插入到应用的输入参数中，再在后台Sql服务器上解析执行进行的攻击，它目前黑客对数据库进行攻击的最常用手段之一。本课程将带你从Web应用运行原理开始，一步一步理解Sql注入的由来、原理和攻击方式。","students_count":8410,"fee_type":"free","price":0,"real_price":0,"html_url":"/courses/876","api_url":"https://www.shiyanlou.com/api/v2/courses/876/","follow_url":"https://www.shiyanlou.com/api/v2/courses/876/follow/","online_type":"online_public","label":null,"max_interest_free_period":0},{"id":495,"name":"Python 实现端口扫描器","picture_url":"https://dn-simplecloud.shiyanlou.com/1453969187264.png","description":"使用 Python 语言开发服务器端口扫描器，用来检测目标服务器上有哪些端口开放。适用于有 Python 和 计算机网络语言基础的用户。涉及Python网络开发，端口扫描，多线程，python-nmap包等知识点。","students_count":5075,"fee_type":"member","price":0,"real_price":0,"html_url":"/courses/495","api_url":"https://www.shiyanlou.com/api/v2/courses/495/","follow_url":"https://www.shiyanlou.com/api/v2/courses/495/follow/","online_type":"online_public","label":null,"max_interest_free_period":0},{"id":91,"name":"Linux 防火墙技术入门","picture_url":"https://dn-simplecloud.shiyanlou.com/course/1542592064219_【91】-【Linux防火墙技术】.png","description":"通过本节课程来认识防火墙，了解 iptables，灵活运用。保护我们的服务器，守护我们的隐私数据。以 SYN flood、CC 攻击实例见证 iptables 保护的强大力量","students_count":1607,"fee_type":"member","price":0,"real_price":0,"html_url":"/courses/91","api_url":"https://www.shiyanlou.com/api/v2/courses/91/","follow_url":"https://www.shiyanlou.com/api/v2/courses/91/follow/","online_type":"online_public","label":null,"max_interest_free_period":0}]}},
{"model":"Categorys","pk":5,"fields":{"name":"Web 前端","tags":[{"name":"HTML","html_url":"/courses/?category=Web 前端&course_type=all&tag=HTML&fee=all"},{"name":"Web","html_url":"/courses/?category=Web 前端&course_type=all&tag=Web&fee=all"},{"name":"JavaScript","html_url":"/courses/?category=Web 前端&course_type=all&tag=JavaScript&fee=all"},{"name":"CSS","html_url":"/courses/?category=Web 前端&course_type=all&tag=CSS&fee=all"},{"name":"Bootstrap","html_url":"/courses/?category=Web 前端&course_type=all&tag=Bootstrap&fee=all"},{"name":"jQuery","html_url":"/courses/?category=Web 前端&course_type=all&tag=jQuery&fee=all"},{"name":"React","html_url":"/courses/?category=Web 前端&course_type=all&tag=React&fee=all"},{"name":"TypeScript","html_url":"/courses/?category=Web 前端&course_type=all&tag=TypeScript&fee=all"},{"name":"Vue.js","html_url":"/courses/?category=Web 前端&course_type=all&tag=Vue.js&fee=all"}],"recommend_courses":[{"id":1236,"name":"HTML 基础课程","picture_url":"https://dn-simplecloud.shiyanlou.com/1548126810319.png","description":"该课程已升级，请学习《HTML5 简明教程》：https://www.shiyanlou.com/courses/43","students_count":8464,"fee_type":"private","price":0,"real_price":0,"html_url":"/courses/1236","api_url":"https://www.shiyanlou.com/api/v2/courses/1236/","follow_url":"https://www.shiyanlou.com/api/v2/courses/1236/follow/","online_type":"private","label":null,"max_interest_free_period":0},{"id":1237,"name":"CSS3 简明教程","picture_url":"https://dn-simplecloud.shiyanlou.com/courses/uid214893-20200320-1584668924916","description":"CSS 层叠样式表用来描述 HTML 文档的呈现，是前端开发过程中一项重要的知识技能。课程从最基本的 CSS 概念开始，逐步深入，教你学会如何使用 CSS 同时控制多重网页的样式和布局。同时，课程还会涉及最新版本 CSS3 的内容，带你掌握新的标准化组件。","students_count":5041,"fee_type":"free","price":0,"real_price":0,"html_url":"/courses/1237","api_url":"https://www.shiyanlou.com/api/v2/courses/1237/","follow_url":"https://www.shiyanlou.com/api/v2/courses/1237/follow/","online_type":"online_public","label":null,"max_interest_free_period":0},{"id":1238,"name":"JavaScript 基础入门","picture_url":"https://dn-simplecloud.shiyanlou.com/1548916517593.png","description":"课程从什么是 JavaScript 开始，一步步讲解 JavaScript 基础语法、关键特性、JSON、WebAPI 等知识点。内容将会涉及网页窗口交互的方法以及通过 DOM 进行网页元素的相关操作。","students_count":11483,"fee_type":"free","price":0,"real_price":0,"html_url":"/courses/1238","api_url":"https://www.shiyanlou.com/api/v2/courses/1238/","follow_url":"https://www.shiyanlou.com/api/v2/courses/1238/follow/","online_type":"online_public","label":null,"max_interest_free_period":0},{"id":1310,"name":"React 全家桶实现销售管理系统","picture_url":"https://dn-simplecloud.shiyanlou.com/course/1557453810588_【1310】-【React全家桶实现销售管理系统】.png","description":"课程将从 React 基础知识入手，在组件的编写中使用 React-router  管理路由和 Redux 管理状态。在后端的编写中，使用 express + mongoDB。前后端分离，一步一步的实现销售管理系统的各项功能模块。","students_count":145,"fee_type":"bootcamp","price":12900,"real_price":12900,"html_url":"/courses/1310","api_url":"https://www.shiyanlou.com/api/v2/courses/1310/","follow_url":"https://www.shiyanlou.com/api/v2/courses/1310/follow/","online_type":"online_silent","label":null,"max_interest_free_period":0}]}},
{"model":"Categorys","pk":6,"fields":{"name":"计算机专业课","tags":[{"name":"设计模式","html_url":"/courses/?category=计算机专业课&course_type=all&tag=设计模式&fee=all"},{"name":"ROS","html_url":"/courses/?category=计算机专业课&course_type=all&tag=ROS&fee=all"},{"name":"计算机网络","html_url":"/courses/?category=计算机专业课&course_type=all&tag=计算机网络&fee=all"},{"name":"大学公开课","html_url":"/courses/?category=计算机专业课&course_type=all&tag=大学公开课&fee=all"},{"name":"操作系统","html_url":"/courses/?category=计算机专业课&course_type=all&tag=操作系统&fee=all"},{"name":"数据结构","html_url":"/courses/?category=计算机专业课&course_type=all&tag=数据结构&fee=all"}],"recommend_courses":[{"id":20,"name":"数据结构（C 语言）","picture_url":"https://dn-simplecloud.shiyanlou.com/courses/uid214893-20200410-1586505562287","description":"本课程是数据结构入门教程，数据结构是计算机类专业的一门核心学科，本课程使用 C 语言介绍，需要一定的 C 语言基础。","students_count":27677,"fee_type":"free","price":0,"real_price":0,"html_url":"/courses/20","api_url":"https://www.shiyanlou.com/api/v2/courses/20/","follow_url":"https://www.shiyanlou.com/api/v2/courses/20/follow/","online_type":"online_silent","label":null,"max_interest_free_period":0},{"id":115,"name":"操作系统原理与实践","picture_url":"https://dn-simplecloud.shiyanlou.com/ncn115.jpg","description":"本实验课程是通过在一个小Linux（Linux 0.11）上针对操作系统的各个模块开展的深入实践，同时本课程也是为网易云课堂李治军老师《操作系统之基础》、《操作系统之进程与线程》等四门课程的配套实验课。","students_count":27447,"fee_type":"free","price":0,"real_price":0,"html_url":"/courses/115","api_url":"https://www.shiyanlou.com/api/v2/courses/115/","follow_url":"https://www.shiyanlou.com/api/v2/courses/115/follow/","online_type":"online_public","label":null,"max_interest_free_period":0},{"id":98,"name":"TCP/IP 网络协议基础入门","picture_url":"https://dn-simplecloud.shiyanlou.com/ncn98.jpg","description":"本课程自顶向下分层介绍 TCP/IP 网络协议基础，其中重点是第5、6节。如果想更深入地了解计算机网络知识，你可以学习实验楼的其它相关课程。","students_count":37822,"fee_type":"free","price":0,"real_price":0,"html_url":"/courses/98","api_url":"https://www.shiyanlou.com/api/v2/courses/98/","follow_url":"https://www.shiyanlou.com/api/v2/courses/98/follow/","online_type":"online_public","label":null,"max_interest_free_period":0},{"id":57,"name":"C 语言简明教程","picture_url":"https://dn-simplecloud.shiyanlou.com/courses/uid214893-20200331-1585634482951","description":"本课程讲解 C 语言的开发环境以及对 C 语言的剖析，引入大量的 C 语言程序案例，把算法和语法结合起来，通过引导大家由浅入深地编写 C 程序，让大家掌握 C 语言。我们将从中学会 C 语言语法、数组、模块化程序设计指针、文件的输入与输出等。","students_count":64870,"fee_type":"free","price":0,"real_price":0,"html_url":"/courses/57","api_url":"https://www.shiyanlou.com/api/v2/courses/57/","follow_url":"https://www.shiyanlou.com/api/v2/courses/57/follow/","online_type":"online_public","label":"","max_interest_free_period":0}]}},
{"model":"Categorys","pk":7,"fields":{"name":"人工智能","tags":[{"name":"R","html_url":"/courses/?category=人工智能&course_type=all&tag=R&fee=all"},{"name":"机器学习","html_url":"/courses/?category=人工智能&course_type=all&tag=机器学习&fee=all"},{"name":"OpenCV","html_url":"/courses/?category=人工智能&course_type=all&tag=OpenCV&fee=all"},{"name":"TensorFlow","html_url":"/courses/?category=人工智能&course_type=all&tag=TensorFlow&fee=all"},{"name":"数据分析","html_url":"/courses/?category=人工智能&course_type=all&tag=数据分析&fee=all"},{"name":"Julia","html_url":"/courses/?category=人工智能&course_type=all&tag=Julia&fee=all"},{"name":"PyTorch","html_url":"/courses/?category=人工智能&course_type=all&tag=PyTorch&fee=all"},{"name":"NLP","html_url":"/courses/?category=人工智能&course_type=all&tag=NLP&fee=all"},{"name":"scikit-learn","html_url":"/courses/?category=人工智能&course_type=all&tag=scikit-learn&fee=all"},{"name":"强化学习","html_url":"/courses/?category=人工智能&course_type=all&tag=强化学习&fee=all"}],"recommend_courses":[{"id":1283,"name":"机器学习开放基础课程","picture_url":"https://dn-simplecloud.shiyanlou.com/courses/uid214893-20200807-1596796590958","description":"机器学习开放基础课程是实验楼经由 Open Machine Learning Course 授权并制作的机器学习免费基础实战课。主要讲解机器学习常用的分类算法和回归算法，以及常用的数据预处理技巧。","students_count":6590,"fee_type":"free","price":0,"real_price":0,"html_url":"/courses/1283","api_url":"https://www.shiyanlou.com/api/v2/courses/1283/","follow_url":"https://www.shiyanlou.com/api/v2/courses/1283/follow/","online_type":"online_public","label":"倍受好评","max_interest_free_period":0},{"id":1080,"name":"TensorFlow 2 深度学习入门与实践","picture_url":"https://dn-simplecloud.shiyanlou.com/courses/uid214893-20191014-1571044901528","description":"TensorFlow 是由谷歌在 2015 年 11 月发布的深度学习开源工具，我们可以用它来快速构建深度神经网络，并训练深度学习模型。2019 年，TensorFlow 正式推出了 2.0 版本，也意味着 TensorFlow 从 1.x 正式过度到 2.x 时代。","students_count":593,"fee_type":"bootcamp","price":11900,"real_price":11900,"html_url":"/courses/1080","api_url":"https://www.shiyanlou.com/api/v2/courses/1080/","follow_url":"https://www.shiyanlou.com/api/v2/courses/1080/follow/","online_type":"online_public","label":null,"max_interest_free_period":0},{"id":1213,"name":"从 0 到 1 实现卷积神经网络","picture_url":"https://dn-simplecloud.shiyanlou.com/course/1545816915733_[1213]-[从0到1实现卷积神经网络](1).png","description":"课程将从线性分类器出发，通过学习人工神经网络原理，手动实现人工卷积神经网络。学完本实验，你将真正理解深度学习的意义，以及背后的工作机制，并在动手的过程中完成从入门到进阶。","students_count":355,"fee_type":"bootcamp","price":12900,"real_price":12900,"html_url":"/courses/1213","api_url":"https://www.shiyanlou.com/api/v2/courses/1213/","follow_url":"https://www.shiyanlou.com/api/v2/courses/1213/follow/","online_type":"online_public","label":null,"max_interest_free_period":0},{"id":1572,"name":"scikit-learn 机器学习入门实战","picture_url":"https://dn-simplecloud.shiyanlou.com/course/1582013384808_880-scikit-learn机器学习入门实战.jpg","description":"本课程作为机器学习入门课程，将详细介绍 scikit-learn 的使用。课程包括了线性回归与感知机分类、支持向量机分类、K-Means 聚类算法、PCA 主成分分析、随机森林分类与回归、高斯混合模型等常用的机器学习算法。同时，课程将涉及模型的验证与模型选择，进一步提升实践能力。","students_count":151,"fee_type":"bootcamp","price":7900,"real_price":7900,"html_url":"/courses/1572","api_url":"https://www.shiyanlou.com/api/v2/courses/1572/","follow_url":"https://www.shiyanlou.com/api/v2/courses/1572/follow/","online_type":"online_public","label":null,"max_interest_free_period":0}]}},
{"model":"Categorys","pk":8,"fields":{"name":"系列专题","tags":[{"name":"新手入门","html_url":"/courses/?category=系列专题&course_type=all&tag=新手入门&fee=all"},{"name":"基础入门","html_url":"/courses/?category=系列专题&course_type=all&tag=基础入门&fee=all"},{"name":"书籍配套实验","html_url":"/courses/?category=系列专题&course_type=all&tag=书籍配套实验&fee=all"},{"name":"入门实战","html_url":"/courses/?category=系列专题&course_type=all&tag=入门实战&fee=all"},{"name":"简明教程","html_url":"/courses/?category=系列专题&course_type=all&tag=简明教程&fee=all"},{"name":"百题大冲关","html_url":"/courses/?category=系列专题&course_type=all&tag=百题大冲关&fee=all"}],"recommend_courses":[{"id":63,"name":"新手入门指南之玩转实验楼","picture_url":"https://dn-simplecloud.shiyanlou.com/courses/uid214893-20200325-1585103411810","description":"课程为实验楼新手入门指南，我们将带你了解实验楼的常用功能和环境使用方法。最后，课程通过一个 C 语言的小例子，让每位学员亲自体验到实验楼线上环境的便捷性和易用性。","students_count":414145,"fee_type":"free","price":0,"real_price":0,"html_url":"/courses/63","api_url":"https://www.shiyanlou.com/api/v2/courses/63/","follow_url":"https://www.shiyanlou.com/api/v2/courses/63/follow/","online_type":"online_public","label":"新人必学","max_interest_free_period":0},{"id":1,"name":"Linux 基础入门","picture_url":"https://dn-simplecloud.shiyanlou.com/ncn1.jpg","description":"本课程教你如何熟练地使用 Linux，本实验中通过在线动手实验的方式学习 Linux 常用命令，用户与权限管理，目录结构与文件操作，环境变量，计划任务，管道与数据流重定向等基本知识点。","students_count":297905,"fee_type":"free","price":0,"real_price":0,"html_url":"/courses/1","api_url":"https://www.shiyanlou.com/api/v2/courses/1/","follow_url":"https://www.shiyanlou.com/api/v2/courses/1/follow/","online_type":"online_public","label":null,"max_interest_free_period":0},{"id":1740,"name":"WebIDE 环境使用指南","picture_url":"https://dn-simplecloud.shiyanlou.com/courses/uid214893-20200619-1592553871325","description":"随着云计算时代的全面到来，WebIDE 逐渐被开发者接受和喜爱。相对于本地 IDE，WebIDE 最大的好处就是随处可用，同时具备较好的代码安全性。以我们提供的 WebIDE 环境为例，你只需要几秒钟就可以开启线上开发环境。","students_count":1296,"fee_type":"free","price":0,"real_price":0,"html_url":"/courses/1740","api_url":"https://www.shiyanlou.com/api/v2/courses/1740/","follow_url":"https://www.shiyanlou.com/api/v2/courses/1740/follow/","online_type":"online_public","label":null,"max_interest_free_period":0},{"id":1322,"name":"Notebook 环境使用指南","picture_url":"https://dn-simplecloud.shiyanlou.com/courses/uid214893-20200428-1588042343903","description":"Jupyter Notebook 是一个能运行 Python 代码的 Web 应用程序，它是目前进行机器学习实践的主流工具。实验楼依托 Jupyter Notebook，开发出了自己的机器学习 Notebook 在线实验环境。完成本次实验课程内容，你将掌握 Jupyter Notebook 的基本操作，这也是学习后续课程的重要基础。","students_count":3348,"fee_type":"free","price":0,"real_price":0,"html_url":"/courses/1322","api_url":"https://www.shiyanlou.com/api/v2/courses/1322/","follow_url":"https://www.shiyanlou.com/api/v2/courses/1322/follow/","online_type":"online_public","label":null,"max_interest_free_period":0}]}},

]