[{"id":1144,"name":"Django 实现仿 Upwork 众包网站","picture_url":"https://dn-simplecloud.shiyanlou.com/course/1535536996256_【1144】-【基于Django实现Upwork众包网站】.png","description":"本训练营使用 Django 框架实现了世界最大的外包网站 Upwork。在实现过程中，将其分为了三大应用模块：用户模块、任务模块、私信消息模块。每个模块都严格按照 Django 框架中的 MTV （Model-Template-View） 模式完成。","students_count":387,"fee_type":"bootcamp","price":5900,"real_price":5900,"html_url":"/courses/1144","api_url":"https://www.shiyanlou.com/api/v2/courses/1144/","follow_url":"https://www.shiyanlou.com/api/v2/courses/1144/follow/","tags":["Python"]},{"id":2404,"name":"MySQL 数据库进阶实战","picture_url":"https://dn-simplecloud.shiyanlou.com/courses/uid214893-20200618-1592463577393","description":"MySQL 是应用广泛的关系数据库。本课程是 MySQL 基础课程的一个提升课，在课程中不会再重复讲解基础知识，重点是放在 MySQL 的一些高级特性上，以及对数据库查询的性能优化。学习完本课程的同学会掌握数据库运维的相关知识，多表联合查询，日志的使用等数据库的进阶知识。","students_count":167,"fee_type":"bootcamp","price":9900,"real_price":9900,"html_url":"/courses/2404","api_url":"https://www.shiyanlou.com/api/v2/courses/2404/","follow_url":"https://www.shiyanlou.com/api/v2/courses/2404/follow/","tags":["MySQL"]},{"id":2635,"name":"C++ Primer Plus 编程练习","picture_url":"https://dn-simplecloud.shiyanlou.com/courses/uid214893-20191213-1576222400613","description":"本课程为《C++ Primer Plus》第六版的配套测试题，共计 17 章。课程内容分别对应原书第 2 章《开始学习C++》至 18 章《探讨 C++ 新标准》。","students_count":118,"fee_type":"bootcamp","price":4900,"real_price":4900,"html_url":"/courses/2635","api_url":"https://www.shiyanlou.com/api/v2/courses/2635/","follow_url":"https://www.shiyanlou.com/api/v2/courses/2635/follow/","tags":["C++","书籍配套实验"]}]