[{"classify_name":"精选项目课","description":"精选会员项目课程，动手中收获","recommend_course":{"layout_type":"horizontal","picture_url":"https://dn-simplecloud.shiyanlou.com/assets/1596116263030_vue+springboot商城-长.png","html_url":"/courses/2573"},"courses":[{"id":2638,"name":"Python 编程快速上手","picture_url":"https://dn-simplecloud.shiyanlou.com/courses/uid214893-20191213-1576203518681","description":"如今，人们面临的大多数任务都可以通过编写计算机软件来完成。Python 是一种解释型、面向对象、动态数据类型的高级程序设计语言。通过 Python 编程，我们能够解决现实生活中的很多任务。本课程是面向实践的 Python 编程实用指南，介绍 Python 语言的基础知识，通过项目实践教会读者如何应用这些知识和技能。","students_count":224,"fee_type":"bootcamp","price":8300,"real_price":8300,"html_url":"/courses/2638","api_url":"https://www.shiyanlou.com/api/v2/courses/2638/","follow_url":"https://www.shiyanlou.com/api/v2/courses/2638/follow/","online_type":"online_public","label":"","max_interest_free_period":0},{"id":2618,"name":"CS50 哈佛大学｜计算机科学导论","picture_url":"https://dn-simplecloud.shiyanlou.com/courses/uid8504-20200729-1596009481104","description":"课程为哈佛大学推出的优质线上课程计算机科学导论（CS50）的实验版本，课程以  C 语言为例，介绍了基础的数组操作，数据结构、算法等内容，此外还包括 Python、SQL 的入门知识。该课程是哈佛大学最受欢迎的计算机专业课之一，目前仅提供英文版本。","students_count":231,"fee_type":"free","price":0,"real_price":0,"html_url":"/courses/2618","api_url":"https://www.shiyanlou.com/api/v2/courses/2618/","follow_url":"https://www.shiyanlou.com/api/v2/courses/2618/follow/","online_type":"online_public","label":"","max_interest_free_period":0},{"id":161,"name":"HTML5 实现拼图游戏","picture_url":"https://dn-simplecloud.shiyanlou.com/1517277170996.png","description":"本课程基于 HTML5 实现网页版的拼图游戏。实现过程中将涉及到 HTML5，CSS3 及 JavaScript 相关知识。完成这个项目，可以进一步扎实前端基础知识。","students_count":8705,"fee_type":"free","price":0,"real_price":0,"html_url":"/courses/161","api_url":"https://www.shiyanlou.com/api/v2/courses/161/","follow_url":"https://www.shiyanlou.com/api/v2/courses/161/follow/","online_type":"online_public","label":"","max_interest_free_period":0},{"id":81,"name":"Flask 实现简单聊天室","picture_url":"https://dn-simplecloud.shiyanlou.com/1517277091651.png","description":"Web 2.0时代，即时通信已经成为必不可少的网站功能，那实现Web即时通信的机制有哪些呢？在这门项目课中我们将一一介绍。最后我们将会实现一个基于Server-Sent Event和Flask简单的在线聊天室。本课程难度中等，属于python中等的项目课程，需要有 Flask 和 Python 基础。可以在完成一系列简单的项目课之后，尝试突破本课程中的一些难点。","students_count":2666,"fee_type":"member","price":0,"real_price":0,"html_url":"/courses/81","api_url":"https://www.shiyanlou.com/api/v2/courses/81/","follow_url":"https://www.shiyanlou.com/api/v2/courses/81/follow/","online_type":"online_public","label":"","max_interest_free_period":0},{"id":2524,"name":"Nginx 网络模块编写入门","picture_url":"https://dn-simplecloud.shiyanlou.com/courses/uid214893-20200729-1596005557049","description":"本课程是 Nginx 网络模块编程入门的实战课程。课程将介绍如何编译和使用 Nginx，以及如何使用相关的验证工具。同时，课程将编写简单的 HTTP 模块和 HTTP 过滤模块，并在此基础上介绍如何使用自定义变量。最后，课程将介绍如何使用工具检查编写的模块中是否存在内存问题。","students_count":52,"fee_type":"bootcamp","price":7900,"real_price":7900,"html_url":"/courses/2524","api_url":"https://www.shiyanlou.com/api/v2/courses/2524/","follow_url":"https://www.shiyanlou.com/api/v2/courses/2524/follow/","online_type":"online_public","label":"优质新课","max_interest_free_period":0},{"id":2553,"name":"PHP 基础入门实战","picture_url":"https://dn-simplecloud.shiyanlou.com/courses/uid214893-20200615-1592217709843","description":"本课程是 PHP 基础入门实战课程，课程先从对 PHP 的基本介绍一直到基本语法、数据类型、运算符、控制结构、函数、类与对象。然后学习 MySQL 的常用命令，并学会如何使用 PHP 操作MySQL。","students_count":21,"fee_type":"bootcamp","price":6900,"real_price":6900,"html_url":"/courses/2553","api_url":"https://www.shiyanlou.com/api/v2/courses/2553/","follow_url":"https://www.shiyanlou.com/api/v2/courses/2553/follow/","online_type":"online_public","label":"","max_interest_free_period":0}]},{"classify_name":"近期好课","description":"及时学习，跟进时代的脚步","recommend_course":{},"courses":[{"id":1494,"name":"楼+ 之 Kubernetes 实战","picture_url":"https://dn-simplecloud.shiyanlou.com/course/1583982149419_楼+Kubernetes实战.png","description":"起源于 Google 的 Kubernetes（简称：K8s）在过去几年中一直都是云计算领域最著名的开源项目之一，为组织设计和部署应用程序带来全新定义。无论是对于开发人员、测试人员还是运维人员，Kubernetes 的诞生不仅减少了工作的复杂性，同时也减少了各种成本。本次课程将带你从入门到熟练 Kubernetes 的使用。前往楼+ 介绍页面查看详情：https://www.lanqiao.cn/louplus/","students_count":131,"fee_type":"louplus","price":239900,"real_price":79900,"html_url":"/courses/1494","api_url":"https://www.shiyanlou.com/api/v2/courses/1494/","follow_url":"https://www.shiyanlou.com/api/v2/courses/1494/follow/","online_type":"online_public","label":"随到随学","max_interest_free_period":0},{"id":2573,"name":"Vue + Spring Boot 全栈商城项目开发","picture_url":"https://dn-simplecloud.shiyanlou.com/courses/uid8504-20200729-1596009412987","description":"楼楼商城 V2.0 是一个前后端分离的线上商城项目，技术栈为 Spring Boot 和 Vue，帮助大家具备开发和统筹一个完整项目的能力是本教程的目标，本教程将会带你进行一次 Spring Boot + Vue 全栈项目开发的开发实战，让你在实战中融会贯通当下的热门技术栈。","students_count":75,"fee_type":"bootcamp","price":10900,"real_price":10900,"html_url":"/courses/2573","api_url":"https://www.shiyanlou.com/api/v2/courses/2573/","follow_url":"https://www.shiyanlou.com/api/v2/courses/2573/follow/","online_type":"online_public","label":"优质新课","max_interest_free_period":0},{"id":1244,"name":"Spring Boot 入门及前后端分离项目实践","picture_url":"https://dn-simplecloud.shiyanlou.com/course/1552541057205_【1244】-【SpringBoot入门及前后端分离项目实践】_(2).png","description":"本课程是一个 Spring Boot 技术栈的实战类课程，课程共分为 3 个部分，前面两个部分为基础环境准备和相关概念介绍，第三个部分是 Spring Boot 项目实践开发。通过课程内容将让大家实际的开发一个前后端分离的 Spring Boot 实践项目，让大家实际操作并从无到有开发一个线上项目，并学习到一定的开发经验以及其中的开发技巧。","students_count":718,"fee_type":"bootcamp","price":8900,"real_price":8900,"html_url":"/courses/1244","api_url":"https://www.shiyanlou.com/api/v2/courses/1244/","follow_url":"https://www.shiyanlou.com/api/v2/courses/1244/follow/","online_type":"online_public","label":"","max_interest_free_period":0},{"id":2451,"name":"基于 Swoole 开发 Web 框架","picture_url":"https://dn-simplecloud.shiyanlou.com/courses/uid214893-20200806-1596681388755","description":"本课程将带你学习和了解 PHP 并发编程，Swoole 异步 HTTP 服务器的原理和 Swoole 协程原理，以及如何基于 Swoole 去组织开发一个 Web 框架。包括完成依赖注入、配置、路由、请求与响应、数据库、模板引擎等模块，最终实现一个基于 Swoole 的 Web 框架。","students_count":9,"fee_type":"bootcamp","price":8800,"real_price":7040,"html_url":"/courses/2451","api_url":"https://www.shiyanlou.com/api/v2/courses/2451/","follow_url":"https://www.shiyanlou.com/api/v2/courses/2451/follow/","online_type":"online_public","label":"新课优惠","max_interest_free_period":0},{"id":1525,"name":"楼+ 之 AWS 云计算实战","picture_url":"https://dn-simplecloud.shiyanlou.com/courses/uid214893-20200518-1589773221628","description":"楼+ 是实验楼精心打造的教学产品，提供助教全程微信群答疑等服务。在楼+的学习中，你会在实验中动手学习，在挑战中检验自己的学习成果，以此来达到学习的目的，对只看不动手说 NO！本期主题是 AWS 实战，本期课程将涵盖 AWS EC2、S3 等主要的云计算产品。前往楼+ 介绍页面查看详情：https://www.lanqiao.cn/louplus","students_count":57,"fee_type":"louplus","price":249900,"real_price":109900,"html_url":"/courses/1525","api_url":"https://www.shiyanlou.com/api/v2/courses/1525/","follow_url":"https://www.shiyanlou.com/api/v2/courses/1525/follow/","online_type":"online_public","label":"随到随学","max_interest_free_period":0},{"id":895,"name":"从代码审计中学习 Web 安全","picture_url":"https://dn-simplecloud.shiyanlou.com/1505193911140.png","description":"本训练营将分为四个部分。第一部分介绍了代码审计思路以及几个比较基础的 Web 漏洞审计实例。比如 SQL 注入、XSS 、CSRF 等。第二部份更进一步的介绍了 Web 相关漏洞，比如文件类的 Web 漏洞。第三部分介绍一些比较深入的 Web 漏洞，比如会话认证漏洞。第四部则介绍了代码审计工具的使用以及对课程的总结。","students_count":535,"fee_type":"bootcamp","price":6900,"real_price":6900,"html_url":"/courses/895","api_url":"https://www.shiyanlou.com/api/v2/courses/895/","follow_url":"https://www.shiyanlou.com/api/v2/courses/895/follow/","online_type":"online_public","label":"优质好课","max_interest_free_period":0},{"id":2672,"name":"CSS3 实现社交分享按钮动画","picture_url":"https://dn-simplecloud.shiyanlou.com/courses/uid214893-20200804-1596521105056","description":"CSS 可以做许多美化和布局工作，本课程通过导入 Font Awesome 中的图标，利用 CSS 中伪类选择器、transform 等属性，实现鼠标触碰图标按钮后产生相应动态变化的效果。","students_count":10,"fee_type":"limit_free","price":0,"real_price":0,"html_url":"/courses/2672","api_url":"https://www.shiyanlou.com/api/v2/courses/2672/","follow_url":"https://www.shiyanlou.com/api/v2/courses/2672/follow/","online_type":"online_public","label":"新课限免","max_interest_free_period":0},{"id":2685,"name":"TensorFlow 2 验证码识别与推理","picture_url":"https://dn-simplecloud.shiyanlou.com/courses/uid214893-20200724-1595583929613","description":"TensorFlow 是机器学习中的常用框架，使用它能够帮助我们更快速地建立模型，并且使我们的代码变得更加简洁。在本实验中，我们会基于 TensorFlow 2 来实现一个验证码识别与推理的模型。","students_count":21,"fee_type":"limit_free","price":0,"real_price":0,"html_url":"/courses/2685","api_url":"https://www.shiyanlou.com/api/v2/courses/2685/","follow_url":"https://www.shiyanlou.com/api/v2/courses/2685/follow/","online_type":"online_public","label":"新课限免","max_interest_free_period":0},{"id":1047,"name":"Flask 搭建个人博客网站","picture_url":"https://dn-simplecloud.shiyanlou.com/1520922144052.png","description":"本课程中，我们将使用 Python 语言及 Flask 框架开发一个简单的博客系统。涉及 Flask Web 开发，使用\r\n Peewee 构建数据模型，简单的 Jinja2 模板， Pygments 模块实现代码语法高亮，MarkDown 格式编写博客， Micawber 实现多媒体播放。","students_count":2684,"fee_type":"limit_free","price":0,"real_price":0,"html_url":"/courses/1047","api_url":"https://www.shiyanlou.com/api/v2/courses/1047/","follow_url":"https://www.shiyanlou.com/api/v2/courses/1047/follow/","online_type":"online_public","label":"限时免费","max_interest_free_period":0},{"id":1208,"name":"自然语言处理基础入门","picture_url":"https://dn-simplecloud.shiyanlou.com/course/1542944010138_[1208]-[自然语言处理基础入门]-(3).jpg","description":"自然语言处理是指对人们平时日常使用的交流语言进行处理的一项技术。自然语言处理经过多年的发展，现今可以划分为两部分内容，即：自然语言的理解和自然语言的生成。本次实验将以文本分类为目标，介绍自然语言处理相关的基础操作和应用。学习完本课程后，建议继续学习：https://www.shiyanlou.com/courses/1329","students_count":1337,"fee_type":"limit_free","price":0,"real_price":0,"html_url":"/courses/1208","api_url":"https://www.shiyanlou.com/api/v2/courses/1208/","follow_url":"https://www.shiyanlou.com/api/v2/courses/1208/follow/","online_type":"online_public","label":"限时免费","max_interest_free_period":0},{"id":2733,"name":"蓝桥杯大赛组委会出品：数据结构不难","picture_url":"https://dn-simplecloud.shiyanlou.com/courses/uid214893-20200803-1596432457682","description":"本课程从企业工程需求视角讲解，与蓝桥杯大赛的设计宗旨同源同脉。查找排序、位运算、递归、贪心、动态规划等算法基础全覆盖， 还有学习地图为你划重点、定计划。由浅入深、大量生动案例题解、企业工程实践性强。少走弯路，让练习和刷题更有针对性、更高效率，从而轻松应对各种竞赛和大公司算法笔试。","students_count":39,"fee_type":"bootcamp","price":8800,"real_price":8800,"html_url":"/courses/2733","api_url":"https://www.shiyanlou.com/api/v2/courses/2733/","follow_url":"https://www.shiyanlou.com/api/v2/courses/2733/follow/","online_type":"online_public","label":"优质新课","max_interest_free_period":0},{"id":2728,"name":"蓝桥杯大赛组委会出品：算法很美","picture_url":"https://dn-simplecloud.shiyanlou.com/courses/uid214893-20200803-1596432476692","description":"本课程从企业工程需求视角讲解，与蓝桥杯大赛的设计宗旨同源同脉。查找排序、位运算、递归、贪心、动态规划等算法基础全覆盖， 还有学习地图为你划重点、定计划。由浅入深、大量生动案例题解、企业工程实践性强。少走弯路，让练习和刷题更有针对性、更高效率，从而轻松应对各种竞赛和大公司算法笔试。","students_count":55,"fee_type":"bootcamp","price":11000,"real_price":11000,"html_url":"/courses/2728","api_url":"https://www.shiyanlou.com/api/v2/courses/2728/","follow_url":"https://www.shiyanlou.com/api/v2/courses/2728/follow/","online_type":"online_public","label":"优质新课","max_interest_free_period":0}]},{"classify_name":"基本功","description":"行业专家打造的免费基础课程，注册即可学习","recommend_course":{},"courses":[{"id":63,"name":"新手入门指南之玩转实验楼","picture_url":"https://dn-simplecloud.shiyanlou.com/courses/uid214893-20200325-1585103411810","description":"课程为实验楼新手入门指南，我们将带你了解实验楼的常用功能和环境使用方法。最后，课程通过一个 C 语言的小例子，让每位学员亲自体验到实验楼线上环境的便捷性和易用性。","students_count":414145,"fee_type":"free","price":0,"real_price":0,"html_url":"/courses/63","api_url":"https://www.shiyanlou.com/api/v2/courses/63/","follow_url":"https://www.shiyanlou.com/api/v2/courses/63/follow/","online_type":"online_public","label":"新人必学","max_interest_free_period":0},{"id":1,"name":"Linux 基础入门","picture_url":"https://dn-simplecloud.shiyanlou.com/ncn1.jpg","description":"本课程教你如何熟练地使用 Linux，本实验中通过在线动手实验的方式学习 Linux 常用命令，用户与权限管理，目录结构与文件操作，环境变量，计划任务，管道与数据流重定向等基本知识点。","students_count":297905,"fee_type":"free","price":0,"real_price":0,"html_url":"/courses/1","api_url":"https://www.shiyanlou.com/api/v2/courses/1/","follow_url":"https://www.shiyanlou.com/api/v2/courses/1/follow/","online_type":"online_public","label":"","max_interest_free_period":0},{"id":596,"name":"Python3 简明教程","picture_url":"https://dn-simplecloud.shiyanlou.com/course/1542592801417_【596】-【Python3简明教程】.png","description":"简明易懂的 Python3 课程，不仅适用于那些有其它语言基础的同学，对没有编程经验的同学也非常友好。本课程不仅讲解了 Python3 基础知识，还介绍了 PEP8、Virtualenv、测试、项目结构以及 Flask 相关内容","students_count":88212,"fee_type":"free","price":0,"real_price":0,"html_url":"/courses/596","api_url":"https://www.shiyanlou.com/api/v2/courses/596/","follow_url":"https://www.shiyanlou.com/api/v2/courses/596/follow/","online_type":"online_public","label":"","max_interest_free_period":0},{"id":1035,"name":"Git 与 GitHub 入门实践","picture_url":"https://dn-simplecloud.shiyanlou.com/course/1550728729236_【1035】-【Git与GitHub入门实践】(1).png","description":"本课程为 Git 与 GitHub 的入门课程，本着实用的原则，针对零基础同学，以图文的形式详细介绍了 Git & GitHub 结合使用的基本操作。课程包括：在 GitHub 上创建仓库、克隆 GitHub 上的仓库到本地、添加修改到暂存区以及撤销修改、配置个人信息、版本回退、处理提交时间线分叉问题、使用本地提交变化记录、添加 SSH 关联授权等方方面面的知识点。","students_count":14180,"fee_type":"free","price":0,"real_price":0,"html_url":"/courses/1035","api_url":"https://www.shiyanlou.com/api/v2/courses/1035/","follow_url":"https://www.shiyanlou.com/api/v2/courses/1035/follow/","online_type":"online_public","label":"","max_interest_free_period":0}]},{"classify_name":"后端开发","description":"","recommend_course":{"layout_type":"vertical","picture_url":"https://dn-simplecloud.shiyanlou.com//assets/1590648950895_1597竖版宣传图.png","html_url":"/courses/1597"},"courses":[{"id":1274,"name":"23 个实验带你轻松玩转 Spring Boot","picture_url":"https://dn-simplecloud.shiyanlou.com/course/1557912174667_【1274】-【23个实验带你轻松玩转SpringBoot】_.png","description":"本课程是一个 Spring Boot 技术栈由入门到精通的实战类课程，课程将涉及基础环境准备以及 Spring Boot 项目实践开发。课程的结尾也会讲解如何开发一个 Spring Boot + Thymeleaf + MyBatis + AdminLTE3  的资讯发布系统，让大家实际操作并从无到有开发一个线上项目。","students_count":774,"fee_type":"bootcamp","price":14900,"real_price":14900,"html_url":"/courses/1274","api_url":"https://www.shiyanlou.com/api/v2/courses/1274/","follow_url":"https://www.shiyanlou.com/api/v2/courses/1274/follow/","online_type":"online_public","label":"","max_interest_free_period":0},{"id":885,"name":"Python 实现轻量型 Web 框架","picture_url":"https://dn-simplecloud.shiyanlou.com/1500460827398.png","description":"本训练营目标是使用 Python 实现一个 轻量型 Web 框架，涉及一个 Web 框架 的必备模块的设计到实现，包含 数据库模块，会话模块，异常处理模块，WSGI 模块，模版引擎模块，路由模块，视图模块，辅助模块。最后再使用实现的框架，开发一个 Web 应用程序来加深对  Web 框架 的理解和使用 Web 框架的开发流程。","students_count":1746,"fee_type":"bootcamp","price":9900,"real_price":9900,"html_url":"/courses/885","api_url":"https://www.shiyanlou.com/api/v2/courses/885/","follow_url":"https://www.shiyanlou.com/api/v2/courses/885/follow/","online_type":"online_public","label":"","max_interest_free_period":0},{"id":1639,"name":"Go 并发服务器框架 Zinx 入门","picture_url":"https://dn-simplecloud.shiyanlou.com/courses/uid214893-20200410-1586488745518","description":"本课程将使用 Go 语言从 0 开始动手实现 Zinx 框架，并学习 Golang 语言特性与并发服务器的设计思路。本课程内容已经取得 Zinx 框架开发者明确授权。","students_count":314,"fee_type":"free","price":0,"real_price":0,"html_url":"/courses/1639","api_url":"https://www.shiyanlou.com/api/v2/courses/1639/","follow_url":"https://www.shiyanlou.com/api/v2/courses/1639/follow/","online_type":"online_public","label":"","max_interest_free_period":0},{"id":1499,"name":"通过例子学 Rust","picture_url":"https://dn-simplecloud.shiyanlou.com/courses/uid214893-20200110-1578643296222","description":"Rust 是一门注重安全（Safety）、速度（Speed）和并发（Concurrency）的现代系统编程语言。Rust 通过内存安全来实现以上目标，但不用垃圾回收机制。《通过例子学 Rust》由一系列可运行的实例组成，通过这些例子阐明了各种 Rust 的概念和基本库。","students_count":379,"fee_type":"free","price":0,"real_price":0,"html_url":"/courses/1499","api_url":"https://www.shiyanlou.com/api/v2/courses/1499/","follow_url":"https://www.shiyanlou.com/api/v2/courses/1499/follow/","online_type":"online_public","label":"","max_interest_free_period":0},{"id":2335,"name":"Python Web 自动化测试入门实战","picture_url":"https://dn-simplecloud.shiyanlou.com/courses/uid214893-20200615-1592217725911","description":"本课程从自动化入门、元素的基础操作、常用方法的使用等基础知识开始，到单元测试框架 UnitTest 和测试模型的介绍，最后使用 PO 模型结合实验楼网站的几个功能进行项目实战，并结合工具 Jenkins 进行持续构建。是一个完整的自动化测试体系。","students_count":126,"fee_type":"bootcamp","price":6900,"real_price":6900,"html_url":"/courses/2335","api_url":"https://www.shiyanlou.com/api/v2/courses/2335/","follow_url":"https://www.shiyanlou.com/api/v2/courses/2335/follow/","online_type":"online_public","label":"","max_interest_free_period":0},{"id":1547,"name":"Vue.js 和 Django 仿简易版实验楼","picture_url":"https://dn-simplecloud.shiyanlou.com/courses/uid214893-20200303-1583233663134","description":"课程将使用 Vue.js 来实现实验楼的部分页面克隆。首先，我们将接触调试代码，使用 Chrome 分析网络逆向分析出实验楼 API，绕过跨域限制。然后再从基础静态页开始，分析布局整理样式到最终完整实现。内容由浅入深，层层递进，并最终打包发布。","students_count":185,"fee_type":"bootcamp","price":7900,"real_price":7900,"html_url":"/courses/1547","api_url":"https://www.shiyanlou.com/api/v2/courses/1547/","follow_url":"https://www.shiyanlou.com/api/v2/courses/1547/follow/","online_type":"online_public","label":"","max_interest_free_period":0}]},{"classify_name":"云计算与人工智能","description":"","recommend_course":{"layout_type":"vertical","picture_url":"https://dn-simplecloud.shiyanlou.com/assets/1596011284105_1354竖版宣传图.png","html_url":"/courses/1354"},"courses":[{"id":2480,"name":"OpenCV 图像处理基础入门","picture_url":"https://dn-simplecloud.shiyanlou.com/courses/uid214893-20200729-1596005525519","description":"OpenCV 是一个基于 C++ 编写的轻量级开源计算机视觉库，可运行在多种操作系统上。由于其具有很好的可读性和运行的效率，受到大量开发者的青睐。本课程将使用 Python 语言对 OpenCV 的库进行学习，介绍其常用的函数和使用技巧。","students_count":79,"fee_type":"bootcamp","price":8900,"real_price":8900,"html_url":"/courses/2480","api_url":"https://www.shiyanlou.com/api/v2/courses/2480/","follow_url":"https://www.shiyanlou.com/api/v2/courses/2480/follow/","online_type":"online_public","label":"优质新课","max_interest_free_period":0},{"id":2633,"name":"Python 神经网络编程","picture_url":"https://dn-simplecloud.shiyanlou.com/courses/uid214893-20200102-1577947360764","description":"课程首先从简单的思路着手，详细介绍了理解神经网络如何工作所必须的基础知识。第一部分介绍基本的思路，包括神经网络底层的数学知识，第二部分是实践，介绍了学习 Python 编程的流行和轻松的方法，从而逐渐使用该语言构建神经网络，以能够识别人类手写的字母，特别是让其像专家所开发的网络那样地工作。第三部分我们对建立的神经网络进行优化，并且讨论了神经网络能够识别手写数字的具体原理。","students_count":58,"fee_type":"bootcamp","price":8300,"real_price":8300,"html_url":"/courses/2633","api_url":"https://www.shiyanlou.com/api/v2/courses/2633/","follow_url":"https://www.shiyanlou.com/api/v2/courses/2633/follow/","online_type":"online_public","label":"","max_interest_free_period":0},{"id":1208,"name":"自然语言处理基础入门","picture_url":"https://dn-simplecloud.shiyanlou.com/course/1542944010138_[1208]-[自然语言处理基础入门]-(3).jpg","description":"自然语言处理是指对人们平时日常使用的交流语言进行处理的一项技术。自然语言处理经过多年的发展，现今可以划分为两部分内容，即：自然语言的理解和自然语言的生成。本次实验将以文本分类为目标，介绍自然语言处理相关的基础操作和应用。学习完本课程后，建议继续学习：https://www.shiyanlou.com/courses/1329","students_count":1337,"fee_type":"limit_free","price":0,"real_price":0,"html_url":"/courses/1208","api_url":"https://www.shiyanlou.com/api/v2/courses/1208/","follow_url":"https://www.shiyanlou.com/api/v2/courses/1208/follow/","online_type":"online_public","label":"限时免费","max_interest_free_period":0},{"id":866,"name":"scikit-learn 机器学习基础入门","picture_url":"https://dn-simplecloud.shiyanlou.com/course/1558674542636_【866】-【scikit-learn机器学习基础课程】.png","description":"scikit-learn 是使用 Python 开发机器学习过程中最基础、最实用和最知名的工具之一。本课程将了解机器学习基本概念，熟悉机器学习中常用的算法，并使用 scikit-learn 进行实战应用。","students_count":973,"fee_type":"member","price":0,"real_price":0,"html_url":"/courses/866","api_url":"https://www.shiyanlou.com/api/v2/courses/866/","follow_url":"https://www.shiyanlou.com/api/v2/courses/866/follow/","online_type":"online_public","label":"","max_interest_free_period":0},{"id":456,"name":"Spark 大数据动手实验","picture_url":"https://dn-simplecloud.shiyanlou.com/course/1527225903785_【456】-【Spark大数据动手实验】(1).png","description":"完全在线实验的 Spark 培训课程，从 Spark 的安装开始，带你逐步完成 Spark 技术入门。再通过一系列实践项目的动手操作，让你全面入门 Spark 相关技术。课程涵盖 Scala，Streaming，SparkSQL，MLlib，GraphX 等 Spark 相关技术，教程中提供尽可能丰富的步骤说明和截图，详细的理论知识会附上相关文章链接。","students_count":2456,"fee_type":"bootcamp","price":7900,"real_price":7900,"html_url":"/courses/456","api_url":"https://www.shiyanlou.com/api/v2/courses/456/","follow_url":"https://www.shiyanlou.com/api/v2/courses/456/follow/","online_type":"online_public","label":"","max_interest_free_period":0},{"id":1080,"name":"TensorFlow 2 深度学习入门与实践","picture_url":"https://dn-simplecloud.shiyanlou.com/courses/uid214893-20191014-1571044901528","description":"TensorFlow 是由谷歌在 2015 年 11 月发布的深度学习开源工具，我们可以用它来快速构建深度神经网络，并训练深度学习模型。2019 年，TensorFlow 正式推出了 2.0 版本，也意味着 TensorFlow 从 1.x 正式过度到 2.x 时代。","students_count":593,"fee_type":"bootcamp","price":11900,"real_price":11900,"html_url":"/courses/1080","api_url":"https://www.shiyanlou.com/api/v2/courses/1080/","follow_url":"https://www.shiyanlou.com/api/v2/courses/1080/follow/","online_type":"online_public","label":"","max_interest_free_period":0}]}]