[{"picture_url":"https://dn-simplecloud.shiyanlou.com/course/1552548866160_企业微信截图_15525486809695.png","title":"11 周成为 Python 初级工程师","slug":"python","html_url":"/louplus/python","open_time":"7月15日"},{"picture_url":"https://dn-simplecloud.shiyanlou.com/course/1571375889048_企业微信截图_9bd1350f-ec15-415b-b53e-e62c29ec647f.png","title":"4 周掌握 Python 基础","slug":"python_basic","html_url":"/louplus/python_basic","open_time":"随到随学"},{"picture_url":"https://dn-simplecloud.shiyanlou.com/course/1565168718677_楼——首页.png","title":"6 周成为深度学习工程师","slug":"dl","html_url":"/louplus/dl","open_time":"随到随学"},{"picture_url":"https://dn-simplecloud.shiyanlou.com/assets/1594195005285_AWS.png","title":"6 周成为云计算工程师","slug":"aws","html_url":"/louplus/aws","open_time":"随到随学"},{"picture_url":"https://dn-simplecloud.shiyanlou.com/course/1584352051309_kubernetes实战.png","title":"6 周成为初级 Kubernetes 工程师","slug":"k8s","html_url":"/louplus/k8s","open_time":"随到随学"},{"picture_url":"https://dn-simplecloud.shiyanlou.com/course/1552548603751_1545727521555_imglouplusML.png","title":"6 周成为机器学习初级工程师","slug":"ml","html_url":"/louplus/ml","open_time":"随到随学"},{"picture_url":"https://dn-simplecloud.shiyanlou.com/course/1552548895361_企业微信截图_15525486676209.png","title":"11 周从 0 基础到 Linux 运维工程师","slug":"linux","html_url":"/louplus/linux","open_time":"6月30日"},{"picture_url":"https://dn-simplecloud.shiyanlou.com/course/1545727530595_数据分析与挖掘.png","title":"6 周成为数据分析与挖掘工程师","slug":"dm","html_url":"/louplus/dm","open_time":"7月13日"}]