[{"id":1,"name":"Python 研发工程师","image":"https://dn-simplecloud.shiyanlou.com/course/1555406408145_【路径】-【Python研发工程师】.png","background_image":"https://dn-simplecloud.shiyanlou.com/course/1555406419393_PythonBG.png","description":"Python 技术路径中包含入门知识、Python 基础、Web 框架、基础项目、网络编程、数据与计算及综合项目七个模块。模块中的课程将带着你逐步深入，学会如何使用 Python 实现一个博客，桌面词典，微信机器人或网络安全软件等。完成本路径的实验课，将具备独立开发 Python 软件和 Web 应用的能力。","is_hot":true,"comments_count":261,"courses_count":56,"students_count":31160,"estimated_study_hours":450,"api_url":"https://www.shiyanlou.com/api/v2/paths/1/","html_url":"/paths/1","stages_url":"https://www.shiyanlou.com/api/v2/paths/1/stages/","is_enterprise_path":false},{"id":9,"name":"新手入门","image":"https://dn-simplecloud.shiyanlou.com/1487741005890.png","background_image":"https://doc.shiyanlou.com/document-uid168344labid3093timestamp1499759378117.png","description":"新手入门路径帮助对 IT 技术感兴趣的新手 0 基础入门计算机编程。本路径通过新手入门、Linux 及 Vim 课程熟悉实验楼的实践学习环境，再以 C 语言和一个简单的项目引导你一步步进入计算机技术的殿堂。","is_hot":false,"comments_count":72,"courses_count":11,"students_count":12502,"estimated_study_hours":50,"api_url":"https://www.shiyanlou.com/api/v2/paths/9/","html_url":"/paths/9","stages_url":"https://www.shiyanlou.com/api/v2/paths/9/stages/","is_enterprise_path":false},{"id":11,"name":"Java 研发工程师","image":"https://dn-simplecloud.shiyanlou.com/course/1552356927768_【路径】-【Java研发工程师】.png","background_image":"https://dn-simplecloud.shiyanlou.com/course/1552356933826_Java-背景.png","description":"Java 学习路径中将首先完成 Java基础、JDK、JDBC、正则表达式等基础实验，然后进阶到 J2SE 和 SSH 框架学习。通过使用 Java 语言实现日记本，个人相册、编辑器、通讯录等，学习并实践 Java 编程基础，SSH 项目、Spring Boot 实战开发。","is_hot":false,"comments_count":26,"courses_count":35,"students_count":11648,"estimated_study_hours":300,"api_url":"https://www.shiyanlou.com/api/v2/paths/11/","html_url":"/paths/11","stages_url":"https://www.shiyanlou.com/api/v2/paths/11/stages/","is_enterprise_path":false},{"id":20,"name":"机器学习工程师","image":"https://dn-simplecloud.shiyanlou.com/uid/c7edc0e1f2cfc8f40d1b699aaa32766b/1501840618053.png","background_image":"https://dn-simplecloud.shiyanlou.com/uid/c7edc0e1f2cfc8f40d1b699aaa32766b/1501840634991.png","description":"机器学习路径将带你学会使用 Numpy，Scipy，Pandas，Scikit-learn，Matplotlib 等开源工具，完成从数据清理、数据分析、模型构建，到最终的预测评估及可视化呈现。本路径既包含了机器学习算法的基础知识，又融合了大量的实战操作，还覆盖了深度学习的有趣样例，将为你了解并掌握一定的机器学习技能提供动力。","is_hot":false,"comments_count":9,"courses_count":35,"students_count":4766,"estimated_study_hours":500,"api_url":"https://www.shiyanlou.com/api/v2/paths/20/","html_url":"/paths/20","stages_url":"https://www.shiyanlou.com/api/v2/paths/20/stages/","is_enterprise_path":false}]